TD,YD,Release,Daily,%± YD,%± LW,Theaters,Avg,To Date,Days,Distributor,New This Day,Estimated,date
1,1,Hoppers,"$12,945,148",-31.4%,-,4000,"$3,236","$45,349,801",3,Walt Disney Studios Motion Pictures,False,False,2026-03-08
25,25,Uma Musume: Pretty Derby - Beginning of a New Era,"$30,792",-14.2%,-85.1%,240,$128,"$1,225,612",10,Gaga,False,True,2026-03-08
26,26,The Secret Agent,"$28,593",-8.6%,+67.4%,120,$238,"$4,082,312",103,Neon,False,False,2026-03-08
27,28,Kokuho,"$18,976",-5.4%,-60.3%,41,$462,"$1,022,947",115,GKIDS,False,False,2026-03-08
28,27,Sentimental Value,"$17,246",-31.3%,+43.5%,120,$143,"$5,153,045",122,Neon,False,False,2026-03-08
29,30,The President's Cake,"$9,645",-13.5%,-46.5%,25,$385,"$182,034",31,Sony Pictures Classics,False,False,2026-03-08
30,31,One Battle After Another,"$7,177",-34%,+10%,500,$14,"$72,257,494",164,Warner Bros.,False,False,2026-03-08
31,29,A Private Life,"$6,916",-44.8%,-45.3%,29,$238,"$1,362,573",52,Sony Pictures Classics,False,False,2026-03-08
33,34,Hypnosismic -Division Rap Battle- Interactive Movie,"$5,323",-11.8%,-60.5%,15,$354,"$100,923",10,GKIDS,False,False,2026-03-08
24,24,"Good Luck, Have Fun, Don't Die","$48,186",-36.9%,-71.6%,215,$224,"$8,231,238",24,Briarcliff Entertainment,False,False,2026-03-08
34,33,A Poet,"$4,287",-44.7%,-16.7%,28,$153,"$236,518",38,-,False,False,2026-03-08
36,36,Psycho Killer,"$1,969",-41.2%,-97.9%,80,$24,"$2,551,903",17,20th Century Studios,False,False,2026-03-08
37,39,My Father's Shadow,"$1,909",-14.3%,-30.9%,7,$272,"$96,429",24,MUBI,False,False,2026-03-08
38,41,Little Amélie or the Character of Rain,"$1,901",+57.6%,+91.1%,7,$271,"$187,549",129,GKIDS,False,False,2026-03-08
39,43,Blue Moon,"$1,456",+155.4%,+164.2%,6,$242,"$2,166,279",143,Sony Pictures Classics,False,False,2026-03-08
40,38,Anaconda,"$1,264",-49.6%,-77%,16,$79,"$64,588,847",74,Sony Pictures Releasing,False,False,2026-03-08
41,35,Standout: The Ben Kjar Story,$542,-88.4%,-38.1%,10,$54,"$604,332",45,-,False,False,2026-03-08
42,40,H Is for Hawk,$476,-69.6%,-63.3%,8,$59,"$321,876",45,Roadside Attractions,False,False,2026-03-08
43,42,David,$464,-25.6%,-26.5%,11,$42,"$80,337,197",80,Angel,False,False,2026-03-08
35,37,The Moment,"$2,498",-20%,-27.1%,10,$249,"$3,870,024",38,A24,False,False,2026-03-08
23,23,Dracula,"$52,466",-35.6%,-67.2%,245,$214,"$12,963,184",31,Vertical Entertainment,False,False,2026-03-08
32,32,Pompei: Below the Clouds,"$5,342",-44.9%,-,2,"$2,671","$20,329",3,MUBI,False,False,2026-03-08
21,16,Hamnet,"$68,385",-64.9%,+25.7%,653,$104,"$23,815,730",103,Focus Features,False,False,2026-03-08
22,22,Nirvanna the Band the Show the Movie,"$62,778",-36%,-43.2%,109,$575,"$3,557,599",24,Neon,False,False,2026-03-08
3,3,GOAT,"$1,863,598",-40.4%,-50.5%,3303,$564,"$83,680,019",24,Sony Pictures Releasing,False,False,2026-03-08
4,4,The Bride!,"$1,549,308",-38.1%,-,3304,$468,"$7,051,476",3,IMAX,False,False,2026-03-08
5,5,Wuthering Heights,"$960,505",-38%,-46.6%,2512,$382,"$78,735,877",24,Warner Bros.,False,False,2026-03-08
6,6,Crime 101,"$528,943",-44.2%,-45.2%,1910,$276,"$33,608,432",24,Amazon MGM Studios,False,False,2026-03-08
7,9,EPiC: Elvis Presley in Concert,"$492,047",-26%,-52.3%,1965,$250,"$10,965,959",17,Neon,False,False,2026-03-08
8,8,I Can Only Imagine 2,"$445,969",-33.8%,-52.2%,1834,$243,"$16,197,143",17,Lionsgate,False,False,2026-03-08
9,10,Demon Slayer: Kimetsu No Yaiba Infinity Castle,"$426,159",-20.7%,-,853,$499,"$135,849,246",178,Sony Pictures Releasing,False,False,2026-03-08
10,7,Send Help,"$399,067",-43.7%,-48.8%,1650,$241,"$62,667,416",38,Walt Disney Studios Motion Pictures,False,False,2026-03-08
11,12,Avatar: Fire and Ash,"$215,851",-38.3%,-49.8%,650,$332,"$402,591,433",80,20th Century Studios,False,False,2026-03-08
2,2,Scream 7,"$4,302,020",-44%,-65.9%,3540,"$1,215","$93,086,497",10,Paramount Pictures International,False,False,2026-03-08
20,18,Dolly,"$93,197",-35.5%,-,810,$115,"$473,909",3,IFC Films,False,False,2026-03-08
13,13,Protector,"$191,349",-33.9%,-,1007,$190,"$723,940",3,Magenta Light Studios,False,False,2026-03-08
14,14,2026 Oscar Nominated Short Films,"$190,125",-16.2%,-14.9%,325,$585,"$2,976,200",17,Roadside Attractions,False,False,2026-03-08
15,15,Solo Mio,"$123,812",-45.1%,-63.1%,650,$190,"$25,056,926",31,Angel,False,False,2026-03-08
16,21,Marty Supreme,"$119,556",+17.5%,+259.7%,892,$134,"$95,622,463",80,A24,False,False,2026-03-08
17,17,How to Make a Killing,"$108,934",-30%,-75.2%,502,$217,"$7,458,101",17,A24,False,False,2026-03-08
18,19,Pillion,"$104,785",-27%,-48.4%,369,$283,"$3,223,436",31,A24,False,False,2026-03-08
19,20,Sirat2026 Re-release,"$98,132",-27%,+149.4%,144,$681,"$1,000,322",31,Neon,False,False,2026-03-08
12,11,Zootopia 2,"$206,718",-44.6%,-61%,885,$233,"$427,290,099",103,Walt Disney Studios Motion Pictures,False,False,2026-03-08
29,29,The President's Cake,"$4,741",-50.8%,-57.9%,25,$189,"$186,775",32,Sony Pictures Classics,False,False,2026-03-09
28,27,Kokuho,"$6,406",-66.2%,-63.6%,41,$156,"$1,029,353",116,GKIDS,False,False,2026-03-09
27,26,The Secret Agent,"$12,567",-56%,+188.8%,120,$104,"$4,094,879",104,Neon,False,False,2026-03-09
23,22,Nirvanna the Band the Show the Movie,"$26,995",-57%,-43.2%,109,$247,"$3,584,594",25,Neon,False,False,2026-03-09
25,24,"Good Luck, Have Fun, Don't Die","$16,993",-64.7%,-72.8%,215,$79,"$8,248,231",25,Briarcliff Entertainment,False,False,2026-03-09
24,23,Dracula,"$22,730",-56.7%,-63.7%,245,$92,"$12,985,914",32,Vertical Entertainment,False,False,2026-03-09
31,31,A Private Life,"$3,652",-47.2%,-34.2%,29,$125,"$1,366,225",53,Sony Pictures Classics,False,False,2026-03-09
26,30,One Battle After Another,"$15,055",+109.8%,+118.1%,500,$30,"$72,272,549",165,Warner Bros.,False,False,2026-03-09
32,32,Pompei: Below the Clouds,"$2,643",-50.5%,-,2,"$1,321","$22,972",4,MUBI,False,False,2026-03-09
37,36,Psycho Killer,$851,-56.8%,-98%,80,$10,"$2,552,754",18,20th Century Studios,False,False,2026-03-09
34,33,Hypnosismic -Division Rap Battle- Interactive Movie,"$2,043",-61.6%,-44.2%,15,$136,"$102,966",11,GKIDS,False,False,2026-03-09
35,41,Standout: The Ben Kjar Story,"$1,333",+145.9%,-1.3%,10,$133,"$605,665",46,-,False,False,2026-03-09
36,37,My Father's Shadow,$986,-48.3%,-6.4%,7,$140,"$97,415",25,MUBI,False,False,2026-03-09
38,40,Anaconda,$481,-61.9%,-73.5%,16,$30,"$64,589,328",75,Sony Pictures Releasing,False,False,2026-03-09
39,42,H Is for Hawk,$309,-35.1%,+161.9%,8,$38,"$322,185",46,Roadside Attractions,False,False,2026-03-09
40,39,Blue Moon,$130,-91.1%,-57.2%,6,$21,"$2,166,409",144,Sony Pictures Classics,False,False,2026-03-09
41,43,David,$42,-90.9%,+2.4%,11,$3,"$80,337,239",81,Angel,False,False,2026-03-09
42,38,Little Amélie or the Character of Rain,$12,-99.4%,-92.6%,7,$1,"$187,561",130,GKIDS,False,False,2026-03-09
33,35,The Moment,"$2,355",-5.7%,+18.6%,10,$235,"$3,872,379",39,A24,False,False,2026-03-09
22,19,Sirat2026 Re-release,"$33,622",-65.7%,+58.2%,144,$233,"$1,033,944",32,Neon,False,False,2026-03-09
30,34,A Poet,"$3,747",-12.6%,+76.7%,28,$133,"$240,265",39,-,False,False,2026-03-09
20,21,Hamnet,"$39,485",-42.3%,+82.5%,653,$60,"$23,855,215",104,Focus Features,False,False,2026-03-09
2,2,Scream 7,"$1,226,298",-71.5%,-63.6%,3540,$346,"$94,312,795",11,Paramount Pictures International,False,False,2026-03-09
3,4,The Bride!,"$508,762",-67.2%,-,3304,$153,"$7,560,238",4,IMAX,False,False,2026-03-09
4,3,GOAT,"$465,182",-75%,-34.5%,3303,$140,"$84,145,201",25,Sony Pictures Releasing,False,False,2026-03-09
5,5,Wuthering Heights,"$332,165",-65.4%,-46.5%,2512,$132,"$79,068,042",25,Warner Bros.,False,False,2026-03-09
6,7,EPiC: Elvis Presley in Concert,"$172,217",-65%,-52.4%,1965,$87,"$11,138,175",18,Neon,False,False,2026-03-09
7,6,Crime 101,"$166,903",-68.4%,-44.3%,1910,$87,"$33,775,335",25,Amazon MGM Studios,False,False,2026-03-09
8,8,I Can Only Imagine 2,"$140,190",-68.6%,-48.1%,1834,$76,"$16,337,333",18,Lionsgate,False,False,2026-03-09
9,10,Send Help,"$139,800",-65%,-46.2%,1650,$84,"$62,807,216",39,Walt Disney Studios Motion Pictures,False,False,2026-03-09
10,9,Demon Slayer: Kimetsu No Yaiba Infinity Castle,"$122,347",-71.3%,-,853,$143,"$135,971,593",179,Sony Pictures Releasing,False,False,2026-03-09
1,1,Hoppers,"$2,710,962",-79.1%,-,4000,$677,"$48,060,763",4,Walt Disney Studios Motion Pictures,False,False,2026-03-09
12,13,Protector,"$68,264",-64.3%,-,1007,$67,"$792,204",4,Magenta Light Studios,False,False,2026-03-09
11,28,Sentimental Value,"$85,312",+394.7%,"+1,368.9%",120,$710,"$5,238,357",123,Neon,False,False,2026-03-09
19,20,Dolly,"$39,896",-57.2%,-,810,$49,"$513,805",4,IFC Films,False,False,2026-03-09
18,16,Marty Supreme,"$42,443",-64.5%,+250.8%,892,$47,"$95,664,906",81,A24,False,False,2026-03-09
17,18,Pillion,"$46,756",-55.4%,-50%,369,$126,"$3,270,192",32,A24,False,False,2026-03-09
21,17,How to Make a Killing,"$39,099",-64.1%,-77.3%,502,$77,"$7,497,200",18,A24,False,False,2026-03-09
15,12,Zootopia 2,"$50,220",-75.7%,-63.5%,885,$56,"$427,340,319",104,Walt Disney Studios Motion Pictures,False,False,2026-03-09
14,11,Avatar: Fire and Ash,"$60,568",-71.9%,-50.7%,650,$93,"$402,652,001",81,20th Century Studios,False,False,2026-03-09
13,14,2026 Oscar Nominated Short Films,"$62,927",-66.9%,-14.2%,325,$193,"$3,039,127",18,Roadside Attractions,False,False,2026-03-09
16,15,Solo Mio,"$49,030",-60.4%,-60%,650,$75,"$25,105,956",32,Angel,False,False,2026-03-09
23,24,Dracula,"$28,247",+24.3%,-64.7%,245,$115,"$13,014,161",33,Vertical Entertainment,False,False,2026-03-10
24,25,"Good Luck, Have Fun, Don't Die","$25,131",+47.9%,-71.4%,215,$116,"$8,273,362",26,Briarcliff Entertainment,False,False,2026-03-10
25,20,Hamnet,"$24,230",-38.6%,-16.5%,653,$37,"$23,879,445",105,Focus Features,False,False,2026-03-10
26,28,Kokuho,"$9,466",+47.8%,-58.4%,41,$230,"$1,038,819",117,GKIDS,False,False,2026-03-10
27,11,Sentimental Value,"$9,035",-89.4%,+83.3%,120,$75,"$5,247,392",124,Neon,False,False,2026-03-10
28,26,One Battle After Another,"$4,551",-69.8%,+450.3%,500,$9,"$72,277,100",166,Warner Bros.,False,False,2026-03-10
29,29,The President's Cake,"$4,513",-4.8%,-63.5%,25,$180,"$191,288",33,Sony Pictures Classics,False,False,2026-03-10
30,31,A Private Life,"$3,738",+2.4%,-38.6%,29,$128,"$1,369,963",54,Sony Pictures Classics,False,False,2026-03-10
31,32,Pompei: Below the Clouds,"$3,211",+21.5%,-,2,"$1,605","$26,183",5,MUBI,False,False,2026-03-10
33,33,The Moment,"$1,986",-15.7%,-18.7%,10,$198,"$3,874,365",40,A24,False,False,2026-03-10
34,35,Standout: The Ben Kjar Story,"$1,566",+17.5%,-54.5%,10,$156,"$607,231",47,-,False,False,2026-03-10
35,30,A Poet,"$1,552",-58.6%,-59%,28,$55,"$241,817",40,-,False,False,2026-03-10
41,41,David,$123,+192.9%,-89%,11,$11,"$80,337,362",82,Angel,False,False,2026-03-10
37,39,H Is for Hawk,$908,+193.9%,+150.8%,8,$113,"$323,093",47,Roadside Attractions,False,False,2026-03-10
38,38,Anaconda,$697,+44.9%,-65.9%,16,$43,"$64,590,025",76,Sony Pictures Releasing,False,False,2026-03-10
39,36,My Father's Shadow,$619,-37.2%,-66.2%,7,$88,"$98,034",26,MUBI,False,False,2026-03-10
40,40,Blue Moon,$304,+133.8%,-32.3%,6,$50,"$2,166,713",145,Sony Pictures Classics,False,False,2026-03-10
22,22,Sirat2026 Re-release,"$41,286",+22.8%,+72.9%,144,$286,"$1,075,230",33,Neon,False,False,2026-03-10
32,34,Hypnosismic -Division Rap Battle- Interactive Movie,"$2,270",+11.1%,-40.2%,15,$151,"$105,236",12,GKIDS,False,False,2026-03-10
36,37,Psycho Killer,"$1,044",+22.7%,-98.2%,80,$13,"$2,553,798",19,20th Century Studios,False,False,2026-03-10
20,18,Marty Supreme,"$49,876",+17.5%,+84.4%,892,$55,"$95,714,782",82,A24,False,False,2026-03-10
19,19,Dolly,"$52,538",+31.7%,-,810,$64,"$566,343",5,IFC Films,False,False,2026-03-10
21,23,Nirvanna the Band the Show the Movie,"$41,842",+55%,-44.6%,109,$383,"$3,626,436",26,Neon,False,False,2026-03-10
1,1,Hoppers,"$4,469,034",+64.9%,-,4000,"$1,117","$52,529,797",5,Walt Disney Studios Motion Pictures,False,False,2026-03-10
2,2,Scream 7,"$1,610,091",+31.3%,-63.4%,3540,$454,"$95,922,886",12,Paramount Pictures International,False,False,2026-03-10
3,3,The Bride!,"$791,574",+55.6%,-,3304,$239,"$8,351,812",5,IMAX,False,False,2026-03-10
4,4,GOAT,"$674,874",+45.1%,-42.1%,3303,$204,"$84,820,075",26,Sony Pictures Releasing,False,False,2026-03-10
6,6,EPiC: Elvis Presley in Concert,"$285,880",+66%,-47.6%,1965,$145,"$11,424,055",19,Neon,False,False,2026-03-10
7,7,Crime 101,"$284,786",+70.6%,-47%,1910,$149,"$34,060,121",26,Amazon MGM Studios,False,False,2026-03-10
8,8,I Can Only Imagine 2,"$268,156",+91.3%,-52%,1834,$146,"$16,605,489",19,Lionsgate,False,False,2026-03-10
9,9,Send Help,"$221,284",+58.3%,-45.8%,1650,$134,"$63,028,500",40,Walt Disney Studios Motion Pictures,False,False,2026-03-10
5,5,Wuthering Heights,"$512,106",+54.2%,-48.3%,2512,$203,"$79,580,148",26,Warner Bros.,False,False,2026-03-10
11,10,Demon Slayer: Kimetsu No Yaiba Infinity Castle,"$124,121",+1.4%,-,853,$145,"$136,095,714",180,Sony Pictures Releasing,False,False,2026-03-10
10,12,Protector,"$127,704",+87.1%,-,1007,$126,"$919,908",5,Magenta Light Studios,False,False,2026-03-10
17,15,Zootopia 2,"$61,645",+22.7%,-68.7%,885,$69,"$427,401,964",105,Walt Disney Studios Motion Pictures,False,False,2026-03-10
16,13,2026 Oscar Nominated Short Films,"$64,961",+3.2%,-29.6%,325,$199,"$3,104,088",19,Roadside Attractions,False,False,2026-03-10
15,21,How to Make a Killing,"$65,931",+68.6%,-79.5%,502,$131,"$7,563,131",19,A24,False,False,2026-03-10
18,17,Pillion,"$55,282",+18.2%,-50.7%,369,$149,"$3,325,474",33,A24,False,False,2026-03-10
13,16,Solo Mio,"$82,930",+69.1%,-59.7%,650,$127,"$25,188,886",33,Angel,False,False,2026-03-10
12,14,Avatar: Fire and Ash,"$83,963",+38.6%,-51.9%,650,$129,"$402,735,964",82,20th Century Studios,False,False,2026-03-10
14,27,The Secret Agent,"$71,914",+472.2%,+795.3%,120,$599,"$4,166,793",105,Neon,False,False,2026-03-10
31,29,The President's Cake,"$2,774",-38.5%,-79.5%,25,$110,"$194,062",34,Sony Pictures Classics,False,False,2026-03-11
23,24,"Good Luck, Have Fun, Don't Die","$23,999",-4.5%,-65%,215,$111,"$8,297,361",27,Briarcliff Entertainment,False,False,2026-03-11
24,23,Dracula,"$23,698",-16.1%,-64.1%,245,$96,"$13,037,859",34,Vertical Entertainment,False,False,2026-03-11
25,25,Hamnet,"$18,630",-23.1%,-25.9%,653,$28,"$23,898,075",106,Focus Features,False,False,2026-03-11
26,27,Sentimental Value,"$18,175",+101.2%,+233.7%,120,$151,"$5,265,567",125,Neon,False,False,2026-03-11
28,31,Pompei: Below the Clouds,"$3,731",+16.2%,-,2,"$1,865","$29,914",6,MUBI,False,False,2026-03-11
29,28,One Battle After Another,"$3,723",-18.2%,-42.7%,500,$7,"$72,280,823",167,Warner Bros.,False,False,2026-03-11
30,30,A Private Life,"$2,971",-20.5%,-46.9%,29,$102,"$1,372,934",55,Sony Pictures Classics,False,False,2026-03-11
32,32,Hypnosismic -Division Rap Battle- Interactive Movie,"$2,328",+2.6%,-46.7%,15,$155,"$107,564",13,GKIDS,False,False,2026-03-11
22,14,The Secret Agent,"$28,848",-59.9%,+334.8%,120,$240,"$4,195,641",106,Neon,False,False,2026-03-11
34,33,The Moment,"$2,004",+0.9%,-6%,10,$200,"$3,876,369",41,A24,False,False,2026-03-11
35,34,Standout: The Ben Kjar Story,"$1,371",-12.5%,-70.6%,12,$114,"$608,602",48,-,False,False,2026-03-11
36,38,Anaconda,$943,+35.3%,-61.9%,16,$58,"$64,590,968",77,Sony Pictures Releasing,False,False,2026-03-11
37,36,Psycho Killer,$819,-21.6%,-98.2%,80,$10,"$2,554,617",20,20th Century Studios,False,False,2026-03-11
38,39,My Father's Shadow,$785,+26.8%,-53.7%,7,$112,"$98,819",27,MUBI,False,False,2026-03-11
39,37,H Is for Hawk,$737,-18.8%,-64.3%,8,$92,"$323,830",48,Roadside Attractions,False,False,2026-03-11
40,40,Blue Moon,$564,+85.5%,+17.5%,6,$94,"$2,167,277",146,Sony Pictures Classics,False,False,2026-03-11
41,41,David,$102,-17.1%,-3.8%,11,$9,"$80,337,464",83,Angel,False,False,2026-03-11
33,35,A Poet,"$2,126",+37%,-26.8%,28,$75,"$243,943",41,-,False,False,2026-03-11
21,21,Nirvanna the Band the Show the Movie,"$31,800",-24%,-49.9%,109,$291,"$3,658,236",27,Neon,False,False,2026-03-11
27,26,Kokuho,"$7,399",-21.8%,-60.2%,41,$180,"$1,046,218",118,GKIDS,False,False,2026-03-11
19,20,Marty Supreme,"$41,221",-17.4%,+187.8%,892,$46,"$95,756,003",83,A24,False,False,2026-03-11
2,2,Scream 7,"$1,157,612",-28.1%,-55%,3540,$327,"$97,080,498",13,Paramount Pictures International,False,False,2026-03-11
3,4,GOAT,"$501,626",-25.7%,-30.8%,3303,$151,"$85,321,701",27,Sony Pictures Releasing,False,False,2026-03-11
4,3,The Bride!,"$496,813",-37.2%,-,3304,$150,"$8,848,625",6,IMAX,False,False,2026-03-11
5,5,Wuthering Heights,"$365,915",-28.5%,-46.6%,2512,$145,"$79,946,063",27,Warner Bros.,False,False,2026-03-11
6,6,EPiC: Elvis Presley in Concert,"$202,974",-29%,-46.9%,1965,$103,"$11,627,029",20,Neon,False,False,2026-03-11
7,7,Crime 101,"$194,125",-31.8%,-42.9%,1910,$101,"$34,254,246",27,Amazon MGM Studios,False,False,2026-03-11
8,9,Send Help,"$163,815",-26%,-42.8%,1650,$99,"$63,192,315",41,Walt Disney Studios Motion Pictures,False,False,2026-03-11
9,8,I Can Only Imagine 2,"$153,225",-42.9%,-48%,1834,$83,"$16,758,714",20,Lionsgate,False,False,2026-03-11
10,11,Demon Slayer: Kimetsu No Yaiba Infinity Castle,"$123,058",-0.9%,-,853,$144,"$136,218,772",181,Sony Pictures Releasing,False,False,2026-03-11
1,1,Hoppers,"$2,880,182",-35.6%,-,4000,$720,"$55,409,979",6,Walt Disney Studios Motion Pictures,False,False,2026-03-11
12,16,2026 Oscar Nominated Short Films,"$74,498",+14.7%,-16.6%,325,$229,"$3,178,586",20,Roadside Attractions,False,False,2026-03-11
13,12,Avatar: Fire and Ash,"$63,714",-24.1%,-49.9%,650,$98,"$402,799,678",83,20th Century Studios,False,False,2026-03-11
14,13,Solo Mio,"$55,313",-33.3%,-57.1%,650,$85,"$25,244,199",34,Angel,False,False,2026-03-11
20,22,Sirat2026 Re-release,"$40,460",-2%,+91.9%,144,$280,"$1,115,690",34,Neon,False,False,2026-03-11
15,17,Zootopia 2,"$53,749",-12.8%,-61.1%,885,$60,"$427,455,713",106,Walt Disney Studios Motion Pictures,False,False,2026-03-11
16,18,Pillion,"$53,476",-3.3%,-45.9%,369,$144,"$3,378,950",34,A24,False,False,2026-03-11
17,19,Dolly,"$46,122",-12.2%,-,810,$56,"$612,465",6,IFC Films,False,False,2026-03-11
18,15,How to Make a Killing,"$44,762",-32.1%,-77.7%,502,$89,"$7,607,893",20,A24,False,False,2026-03-11
11,10,Protector,"$75,267",-41.1%,-,1007,$74,"$995,243",6,Magenta Light Studios,False,False,2026-03-11
30,30,A Private Life,"$3,681",+23.9%,-52.3%,29,$126,"$1,376,616",56,Sony Pictures Classics,False,False,2026-03-12
29,31,The President's Cake,"$5,117",+84.5%,-63.8%,25,$204,"$199,179",35,Sony Pictures Classics,False,False,2026-03-12
28,29,One Battle After Another,"$5,781",+55.3%,+233.8%,500,$11,"$72,286,604",168,Warner Bros.,False,False,2026-03-12
24,24,Dracula,"$15,541",-34.4%,-60.3%,245,$63,"$13,053,400",35,Vertical Entertainment,False,False,2026-03-12
26,22,The Secret Agent,"$6,782",-76.5%,-46.9%,120,$56,"$4,202,423",107,Neon,False,False,2026-03-12
25,26,Sentimental Value,"$10,030",-44.8%,+188.4%,120,$83,"$5,275,597",126,Neon,False,False,2026-03-12
31,32,Hypnosismic -Division Rap Battle- Interactive Movie,"$3,637",+56.2%,+36.1%,15,$242,"$111,201",14,GKIDS,False,False,2026-03-12
27,27,Kokuho,"$6,356",-14.1%,-62.2%,41,$155,"$1,052,574",119,GKIDS,False,False,2026-03-12
32,28,Pompei: Below the Clouds,"$3,164",-15.2%,-,2,"$1,582","$33,078",7,MUBI,False,False,2026-03-12
36,33,A Poet,"$1,559",-26.7%,-46.4%,28,$55,"$245,502",42,-,False,False,2026-03-12
34,34,The Moment,"$1,786",-10.9%,+78.2%,10,$178,"$3,878,155",42,A24,False,False,2026-03-12
35,39,H Is for Hawk,"$1,614",+119%,"+3,742.9%",8,$201,"$325,444",49,Roadside Attractions,False,False,2026-03-12
37,41,David,"$1,535","+1,404.9%",+6.5%,11,$139,"$80,338,999",84,Angel,False,False,2026-03-12
38,38,My Father's Shadow,$859,+9.4%,-60%,7,$122,"$99,678",28,MUBI,False,False,2026-03-12
39,36,Anaconda,$654,-30.6%,-66.3%,16,$40,"$64,591,622",78,Sony Pictures Releasing,False,False,2026-03-12
40,37,Psycho Killer,$453,-44.7%,-98%,80,$5,"$2,555,070",21,20th Century Studios,False,False,2026-03-12
41,40,Blue Moon,$354,-37.2%,-59.4%,6,$59,"$2,167,630",147,Sony Pictures Classics,False,False,2026-03-12
23,23,"Good Luck, Have Fun, Don't Die","$17,695",-26.3%,-56.7%,215,$82,"$8,315,056",28,Briarcliff Entertainment,False,False,2026-03-12
33,35,Standout: The Ben Kjar Story,"$1,964",+43.3%,+143.1%,15,$130,"$610,566",49,-,False,False,2026-03-12
22,17,Dolly,"$22,416",-51.4%,-,810,$27,"$634,881",7,IFC Films,False,False,2026-03-12
19,18,How to Make a Killing,"$34,957",-21.9%,-72.1%,502,$69,"$7,642,850",21,A24,False,False,2026-03-12
20,25,Hamnet,"$33,235",+78.4%,+45.3%,653,$50,"$23,931,310",107,Focus Features,False,False,2026-03-12
1,1,Hoppers,"$2,890,921",+0.4%,-,4000,$722,"$58,300,900",7,Walt Disney Studios Motion Pictures,False,False,2026-03-12
2,2,Scream 7,"$1,116,604",-3.5%,-47.4%,3540,$315,"$98,197,102",14,Paramount Pictures International,False,False,2026-03-12
21,21,Nirvanna the Band the Show the Movie,"$26,712",-16%,-43.1%,109,$245,"$3,684,947",28,Neon,False,False,2026-03-12
4,4,The Bride!,"$376,141",-24.3%,-,3304,$113,"$9,224,766",7,IMAX,False,False,2026-03-12
5,5,Wuthering Heights,"$316,014",-13.6%,-49.4%,2512,$125,"$80,262,077",28,Warner Bros.,False,False,2026-03-12
6,6,EPiC: Elvis Presley in Concert,"$176,588",-13%,-42.9%,1965,$89,"$11,803,617",21,Neon,False,False,2026-03-12
7,7,Crime 101,"$167,662",-13.6%,-39.6%,1910,$87,"$34,421,908",28,Amazon MGM Studios,False,False,2026-03-12
8,9,I Can Only Imagine 2,"$144,674",-5.6%,-43.4%,1834,$78,"$16,903,388",21,Lionsgate,False,False,2026-03-12
9,8,Send Help,"$125,466",-23.4%,-41.2%,1650,$76,"$63,317,781",42,Walt Disney Studios Motion Pictures,False,False,2026-03-12
3,3,GOAT,"$534,235",+6.5%,-13.1%,3303,$161,"$85,855,936",28,Sony Pictures Releasing,False,False,2026-03-12
11,12,2026 Oscar Nominated Short Films,"$73,089",-1.9%,-17.9%,325,$224,"$3,251,675",21,Roadside Attractions,False,False,2026-03-12
12,13,Avatar: Fire and Ash,"$56,334",-11.6%,-43.7%,650,$86,"$402,856,012",84,20th Century Studios,False,False,2026-03-12
13,11,Protector,"$48,810",-35.2%,-,1007,$48,"$1,044,053",7,Magenta Light Studios,False,False,2026-03-12
14,16,Pillion,"$47,798",-10.6%,-38.3%,369,$129,"$3,426,748",35,A24,False,False,2026-03-12
15,14,Solo Mio,"$45,158",-18.4%,-54.1%,650,$69,"$25,289,357",35,Angel,False,False,2026-03-12
16,20,Sirat2026 Re-release,"$42,483",+5%,+117.5%,144,$295,"$1,158,173",35,Neon,False,False,2026-03-12
17,15,Zootopia 2,"$40,995",-23.7%,-63.3%,885,$46,"$427,496,708",107,Walt Disney Studios Motion Pictures,False,False,2026-03-12
18,19,Marty Supreme,"$38,864",-5.7%,+117.6%,892,$43,"$95,794,867",84,A24,False,False,2026-03-12
10,10,Demon Slayer: Kimetsu No Yaiba Infinity Castle,"$78,369",-36.3%,-,853,$91,"$136,297,141",182,Sony Pictures Releasing,False,False,2026-03-12
33,33,Standout: The Ben Kjar Story,$984,-49.9%,-87.8%,15,$65,"$611,550",50,-,False,True,2026-03-13
20,17,Zootopia 2,"$70,000",+70.8%,-58.4%,535,$130,"$427,566,708",108,Walt Disney Studios Motion Pictures,False,True,2026-03-13
21,20,Hamnet,"$66,000",+98.6%,+15.9%,468,$141,"$23,997,310",108,Focus Features,False,True,2026-03-13
22,16,Sirat2026 Re-release,"$60,000",+41.2%,-50%,174,$344,"$1,218,173",36,Neon,False,True,2026-03-13
23,15,Solo Mio,"$57,087",+26.4%,-60.3%,321,$177,"$25,346,444",36,Angel,False,True,2026-03-13
24,13,Protector,"$40,832",-16.3%,-83.2%,1007,$40,"$1,085,993",8,Magenta Light Studios,False,True,2026-03-13
25,14,Pillion,"$39,015",-18.4%,-58%,135,$289,"$3,465,763",36,A24,False,True,2026-03-13
29,26,The Secret Agent,"$25,000",+268.6%,+98.5%,120,$208,"$4,227,423",108,Neon,False,True,2026-03-13
27,18,Marty Supreme,"$30,010",-22.8%,-53.4%,439,$68,"$95,824,877",85,A24,False,True,2026-03-13
28,19,How to Make a Killing,"$29,075",-16.8%,-73.8%,102,$285,"$7,671,925",22,A24,False,True,2026-03-13
30,25,Sentimental Value,"$12,000",+19.6%,+73.4%,140,$85,"$5,287,597",127,Neon,False,True,2026-03-13
31,-,Scared to Death,"$9,750",-,-,184,$52,"$9,750",1,Atlas Distribution Company,True,False,2026-03-13
32,34,The Moment,"$2,893",+62%,-10.5%,10,$289,"$3,881,048",43,A24,False,True,2026-03-13
18,10,Demon Slayer: Kimetsu No Yaiba Infinity Castle,"$80,000",+2.1%,-78.2%,469,$170,"$136,377,141",183,Sony Pictures Releasing,False,True,2026-03-13
26,21,Nirvanna the Band the Show the Movie,"$35,000",+31%,-48.6%,77,$454,"$3,719,947",29,Neon,False,True,2026-03-13
17,39,Anaconda,"$85,000","+12,896.9%","+4,917.7%",1010,$84,"$64,676,622",79,Sony Pictures Releasing,False,True,2026-03-13
19,-,The Revenant10th Anniversary,"$75,000",-,-,900,$83,"$455,497",15,Walt Disney Studios Motion Pictures,False,True,2026-03-13
15,11,2026 Oscar Nominated Short Films,"$117,225",+60.4%,-7.9%,391,$299,"$3,368,900",22,Roadside Attractions,False,True,2026-03-13
1,-,Reminders of Him,"$8,100,000",-,-,3402,"$2,380","$8,100,000",1,Universal Pictures,True,True,2026-03-13
2,1,Hoppers,"$7,100,000",+145.6%,-47.6%,4000,"$1,775","$65,400,900",8,Walt Disney Studios Motion Pictures,False,True,2026-03-13
3,-,Undertone,"$4,374,140",-,-,2570,"$1,702","$4,374,140",1,A24,True,True,2026-03-13
4,2,Scream 7,"$2,610,000",+133.7%,-48.2%,3243,$804,"$100,807,102",15,Paramount Pictures International,False,True,2026-03-13
6,4,The Bride!,"$650,000",+72.8%,-78.3%,3304,$196,"$9,874,766",8,IMAX,False,True,2026-03-13
7,5,Wuthering Heights,"$550,000",+74%,-54.6%,1901,$289,"$80,812,077",29,Warner Bros.,False,True,2026-03-13
5,3,GOAT,"$1,225,000",+129.3%,-17.6%,2946,$415,"$87,080,936",29,Sony Pictures Releasing,False,True,2026-03-13
9,-,Teenage Mutant Ninja Turtles II: The Secret of the Ooze2026 Re-release,"$417,000",-,-,1372,$303,"$417,000",1,Fandango,True,True,2026-03-13
10,-,Slanted,"$413,185",-,-,588,$702,"$413,185",1,Bleecker Street Media,True,True,2026-03-13
11,7,Crime 101,"$315,262",+88%,-43.4%,1310,$240,"$34,737,170",29,Amazon MGM Studios,False,True,2026-03-13
12,8,I Can Only Imagine 2,"$215,000",+48.6%,-45.8%,1239,$173,"$17,118,388",22,Lionsgate,False,True,2026-03-13
13,9,Send Help,"$200,000",+59.4%,-52.8%,930,$215,"$63,517,781",43,Walt Disney Studios Motion Pictures,False,True,2026-03-13
14,6,EPiC: Elvis Presley in Concert,"$185,000",+4.8%,-51.9%,1130,$163,"$11,988,617",22,Neon,False,True,2026-03-13
8,-,Kiki's Delivery Service2026 Re-release,"$493,004",-,-,249,"$1,979","$493,004",1,GKIDS,True,False,2026-03-13
16,12,Avatar: Fire and Ash,"$105,000",+86.4%,-35.2%,430,$244,"$402,961,012",85,20th Century Studios,False,True,2026-03-13
24,24,Protector,"$66,987",+64.1%,-76.8%,1007,$66,"$1,152,980",9,Magenta Light Studios,False,True,2026-03-14
19,10,Slanted,"$123,549",-70.1%,-,588,$210,"$536,734",2,Bleecker Street Media,False,True,2026-03-14
20,21,Hamnet,"$84,000",+27.3%,-56.9%,468,$179,"$24,081,310",109,Focus Features,False,True,2026-03-14
21,22,Sirat2026 Re-release,"$84,000",+40%,-37.5%,174,$482,"$1,302,173",37,Neon,False,True,2026-03-14
22,23,Solo Mio,"$79,203",+38.7%,-64.9%,321,$246,"$25,425,647",37,Angel,False,True,2026-03-14
23,27,Marty Supreme,"$77,988",+159.9%,-23.4%,439,$177,"$95,902,865",86,A24,False,True,2026-03-14
33,33,Standout: The Ben Kjar Story,"$1,477",+50.1%,-68.4%,15,$98,"$613,027",51,-,False,True,2026-03-14
27,26,Nirvanna the Band the Show the Movie,"$50,000",+42.9%,-49%,77,$649,"$3,769,947",30,Neon,False,True,2026-03-14
28,28,How to Make a Killing,"$38,670",+33%,-75.2%,102,$379,"$7,710,595",23,A24,False,True,2026-03-14
29,30,Sentimental Value,"$25,000",+108.3%,-0.4%,140,$178,"$5,312,597",128,Neon,False,True,2026-03-14
30,29,The Secret Agent,"$20,000",-20%,-36.1%,120,$166,"$4,247,423",109,Neon,False,True,2026-03-14
31,31,Scared to Death,"$7,000",-28.2%,-,184,$38,"$16,750",2,Atlas Distribution Company,False,False,2026-03-14
32,32,The Moment,"$3,231",+11.7%,+3.5%,10,$323,"$3,884,279",44,A24,False,True,2026-03-14
18,17,Anaconda,"$135,000",+58.8%,"+5,284.9%",1010,$133,"$64,811,622",80,Sony Pictures Releasing,False,True,2026-03-14
26,19,The Revenant10th Anniversary,"$55,000",-26.7%,-,900,$61,"$510,497",16,Walt Disney Studios Motion Pictures,False,True,2026-03-14
17,18,Demon Slayer: Kimetsu No Yaiba Infinity Castle,"$147,000",+83.8%,-72.6%,469,$313,"$136,524,141",184,Sony Pictures Releasing,False,True,2026-03-14
25,25,Pillion,"$55,401",+42%,-61.4%,135,$410,"$3,521,164",37,A24,False,True,2026-03-14
15,15,2026 Oscar Nominated Short Films,"$171,911",+46.7%,-24.3%,391,$439,"$3,540,811",23,Roadside Attractions,False,True,2026-03-14
1,2,Hoppers,"$12,300,000",+73.2%,-34.8%,4000,"$3,075","$77,700,900",9,Walt Disney Studios Motion Pictures,False,True,2026-03-14
2,1,Reminders of Him,"$5,890,000",-27.3%,-,3402,"$1,731","$13,990,000",2,Universal Pictures,False,True,2026-03-14
3,4,Scream 7,"$3,700,000",+41.8%,-51.8%,3243,"$1,140","$104,507,102",16,Paramount Pictures International,False,True,2026-03-14
4,3,Undertone,"$2,886,932",-34%,-,2570,"$1,123","$7,261,072",2,A24,False,True,2026-03-14
16,20,Zootopia 2,"$150,000",+114.3%,-59.8%,535,$280,"$427,716,708",109,Walt Disney Studios Motion Pictures,False,True,2026-03-14
6,6,The Bride!,"$885,000",+36.2%,-64.6%,3304,$267,"$10,759,766",9,IMAX,False,True,2026-03-14
7,7,Wuthering Heights,"$675,000",+22.7%,-56.5%,1901,$355,"$81,487,077",30,Warner Bros.,False,True,2026-03-14
5,5,GOAT,"$2,100,000",+71.4%,-32.8%,2946,$712,"$89,180,936",30,Sony Pictures Releasing,False,True,2026-03-14
9,9,Teenage Mutant Ninja Turtles II: The Secret of the Ooze2026 Re-release,"$623,000",+49.4%,-,1372,$454,"$1,040,000",2,Fandango,False,True,2026-03-14
10,11,Crime 101,"$526,000",+66.8%,-44.5%,1310,$401,"$35,263,170",30,Amazon MGM Studios,False,True,2026-03-14
11,13,Send Help,"$325,000",+62.5%,-54.2%,930,$349,"$63,842,781",44,Walt Disney Studios Motion Pictures,False,True,2026-03-14
12,14,EPiC: Elvis Presley in Concert,"$320,050",+73%,-51.9%,1130,$283,"$12,308,667",23,Neon,False,True,2026-03-14
13,12,I Can Only Imagine 2,"$320,000",+48.8%,-52.5%,1239,$258,"$17,438,388",23,Lionsgate,False,True,2026-03-14
14,16,Avatar: Fire and Ash,"$225,000",+114.3%,-35.7%,430,$523,"$403,186,012",86,20th Century Studios,False,True,2026-03-14
8,8,Kiki's Delivery Service2026 Re-release,"$652,408",+32.3%,-,249,"$2,620","$1,145,412",2,GKIDS,False,False,2026-03-14
18,16,Zootopia 2,"$80,000",-46.7%,-61.3%,535,$149,"$427,796,708",110,Walt Disney Studios Motion Pictures,False,True,2026-03-15
19,15,2026 Oscar Nominated Short Films,"$77,360",-55%,-59.3%,391,$197,"$3,618,171",24,Roadside Attractions,False,True,2026-03-15
20,27,Nirvanna the Band the Show the Movie,"$67,500",+35%,+7.5%,77,$876,"$3,837,447",31,Neon,False,True,2026-03-15
21,23,Marty Supreme,"$58,491",-25%,-51.1%,439,$133,"$95,961,356",87,A24,False,True,2026-03-15
22,21,Sirat2026 Re-release,"$56,000",-33.3%,-42.9%,174,$321,"$1,358,173",38,Neon,False,True,2026-03-15
23,20,Hamnet,"$50,000",-40.5%,-26.9%,468,$106,"$24,131,310",110,Focus Features,False,True,2026-03-15
30,30,The Secret Agent,"$12,000",-40%,-58%,120,$100,"$4,259,423",110,Neon,False,True,2026-03-15
25,26,The Revenant10th Anniversary,"$45,000",-18.2%,-,900,$50,"$555,497",17,Walt Disney Studios Motion Pictures,False,True,2026-03-15
26,25,Pillion,"$44,321",-20%,-57.7%,135,$328,"$3,565,485",38,A24,False,True,2026-03-15
27,24,Protector,"$39,758",-40.6%,-79.2%,1007,$39,"$1,232,510",10,Magenta Light Studios,False,True,2026-03-15
28,28,How to Make a Killing,"$29,002",-25%,-73.4%,102,$284,"$7,739,597",24,A24,False,True,2026-03-15
29,29,Sentimental Value,"$15,000",-40%,-13%,140,$107,"$5,327,597",129,Neon,False,True,2026-03-15
17,18,Anaconda,"$80,000",-40.7%,"+6,229.1%",1010,$79,"$64,891,622",81,Sony Pictures Releasing,False,True,2026-03-15
24,22,Solo Mio,"$45,938",-42%,-62.9%,321,$143,"$25,471,585",38,Angel,False,True,2026-03-15
16,19,Slanted,"$80,306",-35%,-,588,$136,"$617,040",3,Bleecker Street Media,False,True,2026-03-15
8,7,Wuthering Heights,"$440,000",-34.8%,-54.2%,1901,$231,"$81,927,077",31,Warner Bros.,False,True,2026-03-15
14,14,Avatar: Fire and Ash,"$145,000",-35.6%,-32.8%,430,$337,"$403,331,012",87,20th Century Studios,False,True,2026-03-15
13,11,Send Help,"$175,000",-46.2%,-56.1%,930,$188,"$64,017,781",45,Walt Disney Studios Motion Pictures,False,True,2026-03-15
12,13,I Can Only Imagine 2,"$215,000",-32.8%,-51.8%,1239,$173,"$17,653,388",24,Lionsgate,False,True,2026-03-15
11,12,EPiC: Elvis Presley in Concert,"$240,038",-25%,-51.2%,1130,$212,"$12,548,705",24,Neon,False,True,2026-03-15
10,10,Crime 101,"$295,000",-43.9%,-44.2%,1310,$225,"$35,558,170",31,Amazon MGM Studios,False,True,2026-03-15
9,9,Teenage Mutant Ninja Turtles II: The Secret of the Ooze2026 Re-release,"$436,000",-30%,-,1372,$317,"$1,476,000",3,Fandango,False,True,2026-03-15
7,8,Kiki's Delivery Service2026 Re-release,"$523,322",-19.8%,-,249,"$2,101","$1,668,734",3,GKIDS,False,True,2026-03-15
6,6,The Bride!,"$575,000",-35%,-62.9%,3304,$174,"$11,334,766",10,IMAX,False,True,2026-03-15
5,5,GOAT,"$1,375,000",-34.5%,-26.2%,2946,$466,"$90,555,936",31,Sony Pictures Releasing,False,True,2026-03-15
4,3,Scream 7,"$2,040,000",-44.9%,-52.6%,3243,$629,"$106,547,102",17,Paramount Pictures International,False,True,2026-03-15
3,4,Undertone,"$2,078,591",-28%,-,2570,$808,"$9,339,663",3,A24,False,True,2026-03-15
2,2,Reminders of Him,"$4,260,000",-27.7%,-,3402,"$1,252","$18,250,000",3,Universal Pictures,False,True,2026-03-15
1,1,Hoppers,"$9,100,000",-26%,-29.7%,4000,"$2,275","$86,800,900",10,Walt Disney Studios Motion Pictures,False,True,2026-03-15
31,32,The Moment,"$1,992",-38.3%,-20.3%,10,$199,"$3,886,271",45,A24,False,True,2026-03-15
15,17,Demon Slayer: Kimetsu No Yaiba Infinity Castle,"$108,000",-26.5%,-74.7%,469,$230,"$136,632,141",185,Sony Pictures Releasing,False,True,2026-03-15
32,33,Standout: The Ben Kjar Story,$250,-83.1%,-53.9%,15,$16,"$613,277",52,-,False,True,2026-03-15
